env,bias,mae,ks,sim_ht,n_agents
balanced,0.0,0.13050670724406024,0.6538461538461539,"[[0.39419218]
 [0.43988333]
 [0.42697976]
 [0.25155172]
 [0.56676587]
 [0.65448878]
 [0.41995846]
 [0.45410502]
 [0.61781933]
 [0.5792873 ]
 [0.56730661]
 [0.67019703]
 [0.61723198]
 [0.4860565 ]
 [0.60561426]
 [0.39018019]
 [0.33111017]
 [0.58375979]
 [0.43333886]
 [0.45009246]
 [0.53350418]
 [0.68552059]
 [0.5552064 ]
 [0.51744211]
 [0.39165703]
 [0.56414288]
 [0.54475655]
 [0.64952626]
 [0.61781971]
 [0.51686195]
 [0.5102541 ]
 [0.46000109]
 [0.46705567]
 [0.40466457]
 [0.57657872]
 [0.30361858]
 [0.38476299]
 [0.37076219]
 [0.52480332]
 [0.45461683]
 [0.54566144]
 [0.49061062]
 [0.60580668]
 [0.52065037]
 [0.38875139]
 [0.54205655]
 [0.6058621 ]
 [0.21896277]
 [0.38600035]
 [0.54036723]
 [0.53718708]
 [0.5487754 ]]",52
balanced,0.1,0.13061605511903285,0.6538461538461539,"[[0.6014374 ]
 [0.55514431]
 [0.52268674]
 [0.49814991]
 [0.45157032]
 [0.48026427]
 [0.48410768]
 [0.63540331]
 [0.45812013]
 [0.61801516]
 [0.60098143]
 [0.46455904]
 [0.36478173]
 [0.43436382]
 [0.44162448]
 [0.48141256]
 [0.37749476]
 [0.52839141]
 [0.28648478]
 [0.45890511]
 [0.47736261]
 [0.71873463]
 [0.4310528 ]
 [0.40047481]
 [0.39901903]
 [0.4781674 ]
 [0.46099573]
 [0.36966372]
 [0.46449227]
 [0.4840641 ]
 [0.41171733]
 [0.37747832]
 [0.51854213]
 [0.4098813 ]
 [0.60667855]
 [0.47731285]
 [0.37779102]
 [0.5581745 ]
 [0.45859147]
 [0.43971095]
 [0.48516298]
 [0.57093893]
 [0.72051005]
 [0.56879809]
 [0.54169733]
 [0.67574368]
 [0.6785874 ]
 [0.49284588]
 [0.51657918]
 [0.48478837]
 [0.55631211]
 [0.52991962]]",52
balanced,0.2,0.12724864981385473,0.6346153846153846,"[[0.51074684]
 [0.59327298]
 [0.58339848]
 [0.49854474]
 [0.44751722]
 [0.48601911]
 [0.56112645]
 [0.48554525]
 [0.49247388]
 [0.54976835]
 [0.44391127]
 [0.44757087]
 [0.52002559]
 [0.52478026]
 [0.37989279]
 [0.54523434]
 [0.51873718]
 [0.47923596]
 [0.51245073]
 [0.52898958]
 [0.41124586]
 [0.55446512]
 [0.57406492]
 [0.52142064]
 [0.61736578]
 [0.48598614]
 [0.55015244]
 [0.4990835 ]
 [0.49908694]
 [0.44350516]
 [0.30764113]
 [0.62329496]
 [0.54634789]
 [0.50656266]
 [0.4752243 ]
 [0.54823934]
 [0.51790791]
 [0.56128335]
 [0.51934146]
 [0.41189447]
 [0.51177714]
 [0.56477688]
 [0.26607046]
 [0.5460288 ]
 [0.57230828]
 [0.51990904]
 [0.37886765]
 [0.5800366 ]
 [0.3789877 ]
 [0.66324898]
 [0.62705643]
 [0.62113314]]",52
balanced,0.3,0.1311733523102567,0.6538461538461539,"[[0.51621363]
 [0.55931031]
 [0.45811063]
 [0.39386881]
 [0.48043479]
 [0.48377493]
 [0.44140805]
 [0.45840227]
 [0.54879302]
 [0.54403647]
 [0.57466128]
 [0.52923396]
 [0.5116687 ]
 [0.38082092]
 [0.36405495]
 [0.57411592]
 [0.54919902]
 [0.54386704]
 [0.48240096]
 [0.45437171]
 [0.58835384]
 [0.49139123]
 [0.4873789 ]
 [0.39920714]
 [0.57521433]
 [0.3511067 ]
 [0.45656457]
 [0.59506339]
 [0.70076446]
 [0.50754212]
 [0.6364288 ]
 [0.41720378]
 [0.41752541]
 [0.47501894]
 [0.54465882]
 [0.48608335]
 [0.48239737]
 [0.38951217]
 [0.5156591 ]
 [0.49999859]
 [0.48233288]
 [0.51563691]
 [0.51199335]
 [0.333253  ]
 [0.54338111]
 [0.4092328 ]
 [0.54104268]
 [0.3307589 ]
 [0.45564491]
 [0.65195725]
 [0.57059275]
 [0.57985734]]",52
balanced,0.4,0.12937270784157623,0.6346153846153846,"[[0.40841409]
 [0.53547633]
 [0.52031806]
 [0.48378846]
 [0.48900157]
 [0.40715306]
 [0.35535932]
 [0.67210398]
 [0.53713817]
 [0.6062532 ]
 [0.54883415]
 [0.48672022]
 [0.53547962]
 [0.43596606]
 [0.54166157]
 [0.51416878]
 [0.51202641]
 [0.46120065]
 [0.51205691]
 [0.55096721]
 [0.48807197]
 [0.40106055]
 [0.48209858]
 [0.48477874]
 [0.48926009]
 [0.51327734]
 [0.48703901]
 [0.4330678 ]
 [0.51366313]
 [0.47948096]
 [0.50899425]
 [0.38269023]
 [0.49247222]
 [0.46098563]
 [0.46120115]
 [0.46491185]
 [0.56672562]
 [0.58531324]
 [0.48850837]
 [0.62004159]
 [0.53903581]
 [0.53910966]
 [0.51307005]
 [0.59113975]
 [0.46125984]
 [0.45828977]
 [0.45825948]
 [0.51356273]
 [0.56667746]
 [0.45951225]
 [0.59201863]
 [0.49364475]]",52
balanced,0.5,0.12865595841260563,0.6346153846153846,"[[0.53528251]
 [0.4884208 ]
 [0.46696708]
 [0.46791654]
 [0.4844323 ]
 [0.53223136]
 [0.53515162]
 [0.49275768]
 [0.44274872]
 [0.55486111]
 [0.44243307]
 [0.44593465]
 [0.5899559 ]
 [0.44355784]
 [0.51305258]
 [0.53412177]
 [0.5317967 ]
 [0.53184115]
 [0.43801436]
 [0.55778719]
 [0.46644726]
 [0.51211899]
 [0.51269133]
 [0.46776754]
 [0.5121116 ]
 [0.64306239]
 [0.46680215]
 [0.44390089]
 [0.42348537]
 [0.48837171]
 [0.55503428]
 [0.53201478]
 [0.46590517]
 [0.58139543]
 [0.53840799]
 [0.53768831]
 [0.44421028]
 [0.51108851]
 [0.48937329]
 [0.40042183]
 [0.58140262]
 [0.5348802 ]
 [0.53582873]
 [0.61075281]
 [0.4905334 ]
 [0.53421301]
 [0.55475201]
 [0.53514751]
 [0.42210097]
 [0.51099301]
 [0.42201881]
 [0.48755819]]",52
balanced,0.6,0.13053762512218287,0.6538461538461539,"[[0.47481876]
 [0.40103823]
 [0.47446524]
 [0.45556482]
 [0.55304832]
 [0.56246414]
 [0.60399778]
 [0.50932886]
 [0.55156333]
 [0.48596873]
 [0.4764413 ]
 [0.4673293 ]
 [0.53779557]
 [0.56208624]
 [0.41945683]
 [0.52867426]
 [0.51037944]
 [0.52353945]
 [0.48983213]
 [0.49181598]
 [0.57739071]
 [0.53043878]
 [0.45623531]
 [0.43302229]
 [0.48962761]
 [0.48251435]
 [0.51040985]
 [0.43297407]
 [0.52337417]
 [0.52877868]
 [0.52507608]
 [0.50694902]
 [0.53007781]
 [0.47465684]
 [0.47113418]
 [0.45450058]
 [0.39437068]
 [0.45640114]
 [0.48946732]
 [0.52496697]
 [0.55709572]
 [0.48024222]
 [0.53269331]
 [0.52554451]
 [0.5019279 ]
 [0.65124855]
 [0.45739107]
 [0.50667722]
 [0.44094424]
 [0.45737167]
 [0.51269742]
 [0.40313318]]",52
balanced,0.7,0.13004011404393517,0.6538461538461539,"[[0.46023746]
 [0.56022869]
 [0.49316248]
 [0.48419246]
 [0.45538982]
 [0.48042859]
 [0.52709759]
 [0.51719558]
 [0.48790991]
 [0.5224043 ]
 [0.50502851]
 [0.48695944]
 [0.5807353 ]
 [0.4263236 ]
 [0.51096646]
 [0.48083102]
 [0.4897269 ]
 [0.47961183]
 [0.51833424]
 [0.50668074]
 [0.46376015]
 [0.51771735]
 [0.49606453]
 [0.48041122]
 [0.5083788 ]
 [0.50517971]
 [0.44631691]
 [0.45146118]
 [0.53346404]
 [0.49143834]
 [0.50697178]
 [0.49587754]
 [0.48474028]
 [0.4754105 ]
 [0.52052225]
 [0.4434656 ]
 [0.48713942]
 [0.53075706]
 [0.49853137]
 [0.49299311]
 [0.5191022 ]
 [0.49729405]
 [0.50716855]
 [0.52161704]
 [0.51306475]
 [0.51915089]
 [0.52892975]
 [0.519571  ]
 [0.48682932]
 [0.55219006]
 [0.49113031]
 [0.52292755]]",52
balanced,0.8,0.13018157790028434,0.6538461538461539,"[[0.51163808]
 [0.5061468 ]
 [0.52470333]
 [0.44778939]
 [0.51897642]
 [0.47961919]
 [0.53065876]
 [0.53164765]
 [0.52422685]
 [0.45635262]
 [0.52884636]
 [0.45093073]
 [0.53346782]
 [0.47997479]
 [0.48904752]
 [0.55835764]
 [0.52279244]
 [0.48939666]
 [0.55522301]
 [0.46985683]
 [0.51064691]
 [0.4410035 ]
 [0.51106031]
 [0.52589753]
 [0.47643612]
 [0.54936125]
 [0.49458202]
 [0.49842668]
 [0.52444219]
 [0.45633034]
 [0.47169257]
 [0.53425141]
 [0.5195811 ]
 [0.48903686]
 [0.44866248]
 [0.48315827]
 [0.51869078]
 [0.53122546]
 [0.50896368]
 [0.47578314]
 [0.49114793]
 [0.47901369]
 [0.48688776]
 [0.50100521]
 [0.45160018]
 [0.50838161]
 [0.51336778]
 [0.48654318]
 [0.4732862 ]
 [0.47546466]
 [0.5076392 ]
 [0.50589126]]",52
balanced,0.9,0.1293538994505026,0.6346153846153846,"[[0.52774684]
 [0.51351761]
 [0.50174988]
 [0.48711466]
 [0.48996704]
 [0.46731335]
 [0.52342269]
 [0.50747745]
 [0.51684929]
 [0.50401285]
 [0.4919376 ]
 [0.51000407]
 [0.4871044 ]
 [0.4960603 ]
 [0.4863156 ]
 [0.50100502]
 [0.50501105]
 [0.51049149]
 [0.50513793]
 [0.5128226 ]
 [0.48898568]
 [0.48632101]
 [0.51368686]
 [0.44890943]
 [0.5102836 ]
 [0.48629568]
 [0.51876696]
 [0.50449964]
 [0.45214834]
 [0.48658876]
 [0.52871855]
 [0.52039791]
 [0.49565727]
 [0.50496458]
 [0.52650926]
 [0.5352837 ]
 [0.48995438]
 [0.52887979]
 [0.49519234]
 [0.52477581]
 [0.48720209]
 [0.49593126]
 [0.49600292]
 [0.44542141]
 [0.5134389 ]
 [0.5265421 ]
 [0.48686961]
 [0.51431993]
 [0.57639765]
 [0.50483923]
 [0.47809991]
 [0.48999672]]",52
balanced,1.0,0.1300345779540089,0.6538461538461539,"[[0.49286453]
 [0.50843055]
 [0.51353447]
 [0.49286428]
 [0.49395489]
 [0.49581886]
 [0.49411276]
 [0.49745802]
 [0.47529849]
 [0.50256231]
 [0.49458083]
 [0.50421695]
 [0.49915967]
 [0.50254221]
 [0.50562227]
 [0.49225356]
 [0.49915973]
 [0.48565089]
 [0.49913339]
 [0.51367133]
 [0.48639345]
 [0.5042029 ]
 [0.49741247]
 [0.521255  ]
 [0.5042018 ]
 [0.50926438]
 [0.51435947]
 [0.48057843]
 [0.52366037]
 [0.49187568]
 [0.48473433]
 [0.44691616]
 [0.46657941]
 [0.49056205]
 [0.49497309]
 [0.52037965]
 [0.50131928]
 [0.49913958]
 [0.51360493]
 [0.50812931]
 [0.4949724 ]
 [0.49226337]
 [0.50302146]
 [0.51259587]
 [0.52366125]
 [0.5322397 ]
 [0.5042833 ]
 [0.49665357]
 [0.5072435 ]
 [0.50561312]
 [0.48646604]
 [0.50251176]]",52
healthy,0.0,0.2601080089428977,0.8461538461538461,"[[0.41705696]
 [0.37539896]
 [0.30472101]
 [0.34480871]
 [0.37661445]
 [0.315064  ]
 [0.36464707]
 [0.23121764]
 [0.39729754]
 [0.3426031 ]
 [0.36298002]
 [0.4182994 ]
 [0.34261234]
 [0.34891403]
 [0.34429025]
 [0.32472963]
 [0.30453624]
 [0.36425439]
 [0.34239823]
 [0.39747328]
 [0.37120794]
 [0.3310831 ]
 [0.30617121]
 [0.23426312]
 [0.33127981]
 [0.33075822]
 [0.28207432]
 [0.30842447]
 [0.37999617]
 [0.34456363]
 [0.34892247]
 [0.34516798]
 [0.28435088]
 [0.23535104]
 [0.39911439]
 [0.26232131]
 [0.39792799]
 [0.47437456]
 [0.34084027]
 [0.3423988 ]
 [0.42073445]
 [0.36300327]
 [0.36810707]
 [0.41023836]
 [0.28441924]
 [0.32472656]
 [0.30235624]
 [0.39887601]
 [0.41060905]
 [0.36282965]
 [0.3628002 ]
 [0.30472066]]",52
healthy,0.1,0.23319717540923554,0.8076923076923077,"[[0.43420736]
 [0.31047385]
 [0.31074439]
 [0.52518782]
 [0.33138088]
 [0.41493199]
 [0.45623187]
 [0.41516745]
 [0.28960369]
 [0.41359593]
 [0.36765268]
 [0.5089401 ]
 [0.26056434]
 [0.36900424]
 [0.35373651]
 [0.40094949]
 [0.33369443]
 [0.36762898]
 [0.50925343]
 [0.4332622 ]
 [0.35162681]
 [0.36713654]
 [0.50971414]
 [0.26525246]
 [0.41516915]
 [0.3490886 ]
 [0.31322122]
 [0.5587325 ]
 [0.37774871]
 [0.42509568]
 [0.41493223]
 [0.35979658]
 [0.35160453]
 [0.4235771 ]
 [0.37540928]
 [0.3715522 ]
 [0.39377799]
 [0.377576  ]
 [0.36733678]
 [0.45901762]
 [0.37776892]
 [0.31299762]
 [0.28920884]
 [0.37370738]
 [0.43382798]
 [0.35375977]
 [0.35517605]
 [0.42850961]
 [0.26359738]
 [0.30263249]
 [0.57217892]
 [0.43379264]]",52
healthy,0.2,0.21729958984928788,0.7692307692307693,"[[0.43591282]
 [0.42118034]
 [0.50333594]
 [0.40068341]
 [0.42805048]
 [0.45295273]
 [0.38374332]
 [0.40284854]
 [0.44642961]
 [0.34597234]
 [0.40322764]
 [0.3394592 ]
 [0.36014713]
 [0.36210235]
 [0.43949649]
 [0.34184677]
 [0.36230809]
 [0.44947111]
 [0.38347862]
 [0.40601107]
 [0.52603752]
 [0.48100213]
 [0.45974927]
 [0.40314382]
 [0.48134161]
 [0.4466963 ]
 [0.40867811]
 [0.30614112]
 [0.48126423]
 [0.40848584]
 [0.40307252]
 [0.35542322]
 [0.44928202]
 [0.36593736]
 [0.38169727]
 [0.32069194]
 [0.4516765 ]
 [0.4495038 ]
 [0.4104061 ]
 [0.46546989]
 [0.36428706]
 [0.45641231]
 [0.42489078]
 [0.40070617]
 [0.44445779]
 [0.50291275]
 [0.42117806]
 [0.42141476]
 [0.4255711 ]
 [0.46209919]
 [0.38048173]
 [0.41772142]]",52
healthy,0.3,0.21114081345171817,0.7692307692307693,"[[0.37074092]
 [0.45338639]
 [0.32181679]
 [0.3934972 ]
 [0.45270779]
 [0.37369011]
 [0.45038948]
 [0.25778512]
 [0.45258765]
 [0.44171814]
 [0.32764961]
 [0.34943312]
 [0.34943556]
 [0.49344015]
 [0.41017453]
 [0.37120861]
 [0.43007762]
 [0.47193403]
 [0.3056767 ]
 [0.39324829]
 [0.45181038]
 [0.56723665]
 [0.38919552]
 [0.45155199]
 [0.51241694]
 [0.40978816]
 [0.39210798]
 [0.51144016]
 [0.43342001]
 [0.45179238]
 [0.49024698]
 [0.47356415]
 [0.46975028]
 [0.47186453]
 [0.45261767]
 [0.49317815]
 [0.51261781]
 [0.37090374]
 [0.4143912 ]
 [0.38996331]
 [0.49834159]
 [0.39222097]
 [0.4676098 ]
 [0.3894289 ]
 [0.40956347]
 [0.40978842]
 [0.45202633]
 [0.4332292 ]
 [0.49449828]
 [0.41167417]
 [0.45270744]
 [0.44970915]]",52
healthy,0.4,0.196783156170815,0.7115384615384616,"[[0.41905879]
 [0.50045717]
 [0.47994872]
 [0.41711154]
 [0.41901833]
 [0.57447451]
 [0.5404383 ]
 [0.4831683 ]
 [0.46115506]
 [0.43766014]
 [0.41844502]
 [0.41660978]
 [0.44055345]
 [0.4613557 ]
 [0.50246059]
 [0.4795818 ]
 [0.46115655]
 [0.44074845]
 [0.41781491]
 [0.44125786]
 [0.52366345]
 [0.41903698]
 [0.39773501]
 [0.43840482]
 [0.46113054]
 [0.48438215]
 [0.4819217 ]
 [0.45921999]
 [0.44078418]
 [0.46392272]
 [0.43734922]
 [0.52170016]
 [0.39728809]
 [0.41883184]
 [0.41991358]
 [0.54288712]
 [0.42055467]
 [0.48228352]
 [0.41908592]
 [0.41524212]
 [0.48190036]
 [0.3974914 ]
 [0.48015117]
 [0.50025144]
 [0.55629164]
 [0.4384257 ]
 [0.39374336]
 [0.39865171]
 [0.45901439]
 [0.47954119]
 [0.54899808]
 [0.41846024]]",52
healthy,0.5,0.18666414063740577,0.7115384615384616,"[[0.48461245]
 [0.5087444 ]
 [0.40335497]
 [0.50739451]
 [0.40772322]
 [0.49974368]
 [0.44927829]
 [0.48454044]
 [0.46479972]
 [0.50958103]
 [0.46691383]
 [0.42889382]
 [0.26354522]
 [0.44565303]
 [0.42177774]
 [0.5111647 ]
 [0.48838896]
 [0.4842101 ]
 [0.42180048]
 [0.37827061]
 [0.60343423]
 [0.43001943]
 [0.40973077]
 [0.55217454]
 [0.4594631 ]
 [0.55481965]
 [0.48093109]
 [0.4773982 ]
 [0.39807617]
 [0.55277328]
 [0.42552727]
 [0.48674257]
 [0.48647851]
 [0.48673997]
 [0.53299953]
 [0.55453912]
 [0.50713953]
 [0.57552524]
 [0.38095601]
 [0.43477394]
 [0.55250139]
 [0.63083498]
 [0.5277153 ]
 [0.45882013]
 [0.44925665]
 [0.48004453]
 [0.55252961]
 [0.5314199 ]
 [0.44043785]
 [0.50112331]
 [0.53219793]
 [0.57693748]]",52
healthy,0.6,0.17690059097444435,0.6923076923076923,"[[0.58699229]
 [0.40140643]
 [0.45730638]
 [0.47860577]
 [0.43991848]
 [0.53438797]
 [0.60792801]
 [0.42065257]
 [0.45767996]
 [0.61978046]
 [0.37843571]
 [0.40749802]
 [0.56118732]
 [0.4976624 ]
 [0.49121622]
 [0.49562883]
 [0.49124074]
 [0.49701005]
 [0.5612142 ]
 [0.58070241]
 [0.53977547]
 [0.58084896]
 [0.45927016]
 [0.47742071]
 [0.45812922]
 [0.49560892]
 [0.49786877]
 [0.51467218]
 [0.53796172]
 [0.40142825]
 [0.4797077 ]
 [0.60696258]
 [0.4798513 ]
 [0.49971013]
 [0.59299188]
 [0.45346777]
 [0.56154272]
 [0.43636908]
 [0.49445839]
 [0.53918157]
 [0.51489895]
 [0.49563313]
 [0.49334841]
 [0.55796027]
 [0.49814635]
 [0.53977181]
 [0.45295036]
 [0.4571009 ]
 [0.49681626]
 [0.63252975]
 [0.59407497]
 [0.53694504]]",52
healthy,0.7,0.16854755372792146,0.6538461538461539,"[[0.48622197]
 [0.56927477]
 [0.53801377]
 [0.56927736]
 [0.56738518]
 [0.55854005]
 [0.50851535]
 [0.51804323]
 [0.51093545]
 [0.48697787]
 [0.54900064]
 [0.52457976]
 [0.52606516]
 [0.56953579]
 [0.61629138]
 [0.46788794]
 [0.63373524]
 [0.48687177]
 [0.56160408]
 [0.54530546]
 [0.54645177]
 [0.5074123 ]
 [0.52457638]
 [0.56432172]
 [0.5053001 ]
 [0.59086097]
 [0.5451157 ]
 [0.50717942]
 [0.38292695]
 [0.56078748]
 [0.50529784]
 [0.50284113]
 [0.48006705]
 [0.51813927]
 [0.57890652]
 [0.48402492]
 [0.51767232]
 [0.56903735]
 [0.54857771]
 [0.51243511]
 [0.47958127]
 [0.56454774]
 [0.50287598]
 [0.58429744]
 [0.50133413]
 [0.50140557]
 [0.56965075]
 [0.49793202]
 [0.54534677]
 [0.5282363 ]
 [0.52590041]
 [0.56953873]]",52
healthy,0.8,0.16157382407122414,0.6346153846153846,"[[0.5004857 ]
 [0.58879517]
 [0.52741203]
 [0.55517307]
 [0.54480702]
 [0.50009023]
 [0.57982811]
 [0.58879189]
 [0.64999517]
 [0.62214982]
 [0.55729055]
 [0.50161051]
 [0.62239238]
 [0.54453569]
 [0.50793096]
 [0.57584131]
 [0.50807959]
 [0.57823732]
 [0.52900122]
 [0.59660743]
 [0.53138506]
 [0.59884741]
 [0.59417296]
 [0.5197873 ]
 [0.52902607]
 [0.519739  ]
 [0.52005902]
 [0.51978436]
 [0.53449899]
 [0.60195119]
 [0.53684252]
 [0.48291174]
 [0.5758154 ]
 [0.57771279]
 [0.55492752]
 [0.62446401]
 [0.50069275]
 [0.51357114]
 [0.52144067]
 [0.55444172]
 [0.64565791]
 [0.5056302 ]
 [0.54641561]
 [0.54453551]
 [0.58901854]
 [0.62271666]
 [0.63887838]
 [0.67410771]
 [0.49412859]
 [0.41495008]
 [0.63891612]
 [0.54480234]]",52
healthy,0.9,0.15756189194080308,0.5769230769230769,"[[0.65272901]
 [0.63141672]
 [0.58099582]
 [0.59867039]
 [0.61913645]
 [0.52823336]
 [0.61570304]
 [0.49953813]
 [0.54962975]
 [0.56352197]
 [0.48686325]
 [0.58063567]
 [0.68937391]
 [0.48475962]
 [0.63391006]
 [0.50895653]
 [0.54487473]
 [0.52827387]
 [0.53015847]
 [0.63110344]
 [0.65543356]
 [0.55602698]
 [0.64981987]
 [0.60384741]
 [0.55556194]
 [0.50096932]
 [0.60134894]
 [0.53964556]
 [0.59836692]
 [0.58085461]
 [0.54481297]
 [0.59413063]
 [0.60720845]
 [0.5459872 ]
 [0.49558337]
 [0.61633221]
 [0.60040788]
 [0.58878264]
 [0.53963495]
 [0.61116921]
 [0.60720592]
 [0.53550436]
 [0.54427578]
 [0.52790021]
 [0.64637334]
 [0.57644982]
 [0.63891571]
 [0.58565166]
 [0.55685637]
 [0.64666531]
 [0.58346276]
 [0.64634353]]",52
healthy,1.0,0.15570583015708747,0.5192307692307693,"[[0.54324146]
 [0.58482918]
 [0.5246843 ]
 [0.53809579]
 [0.6279149 ]
 [0.59417339]
 [0.55288445]
 [0.56975811]
 [0.55102345]
 [0.63600361]
 [0.64487351]
 [0.58849306]
 [0.65787134]
 [0.59442038]
 [0.52470023]
 [0.57178317]
 [0.65471844]
 [0.65677529]
 [0.55016774]
 [0.64656322]
 [0.64326557]
 [0.61199702]
 [0.62791496]
 [0.58210049]
 [0.67752931]
 [0.6363938 ]
 [0.64322722]
 [0.57265696]
 [0.57921233]
 [0.57557763]
 [0.68310691]
 [0.5468549 ]
 [0.64338873]
 [0.65758926]
 [0.59235524]
 [0.57180308]
 [0.48584581]
 [0.63393343]
 [0.65469005]
 [0.59255889]
 [0.61202992]
 [0.53210726]
 [0.59444037]
 [0.56972791]
 [0.63393232]
 [0.61519835]
 [0.56012077]
 [0.71139747]
 [0.5502028 ]
 [0.65489169]
 [0.75690086]
 [0.61333888]]",52
unhealthy,0.0,0.2591802934018992,0.8269230769230769,"[[0.60414608]
 [0.63702001]
 [0.63701749]
 [0.63719675]
 [0.61998603]
 [0.6687204 ]
 [0.64094536]
 [0.67532441]
 [0.65860524]
 [0.60416303]
 [0.61713095]
 [0.64076608]
 [0.71081874]
 [0.63785065]
 [0.67553489]
 [0.59005223]
 [0.67527381]
 [0.69113587]
 [0.53472085]
 [0.65276965]
 [0.63978418]
 [0.68666555]
 [0.60260885]
 [0.71078697]
 [0.78939721]
 [0.62192765]
 [0.6849581 ]
 [0.60260991]
 [0.64351352]
 [0.68319337]
 [0.61344416]
 [0.67306215]
 [0.60462233]
 [0.65525625]
 [0.61423463]
 [0.66704548]
 [0.65023725]
 [0.65083045]
 [0.510518  ]
 [0.62877568]
 [0.61229511]
 [0.78290188]
 [0.63784403]
 [0.76698657]
 [0.65762398]
 [0.65278717]
 [0.61328779]
 [0.67092352]
 [0.76437877]
 [0.49861809]
 [0.56445698]
 [0.58939329]]",52
unhealthy,0.1,0.24144694473068265,0.7884615384615384,"[[0.6470267 ]
 [0.62222183]
 [0.62223106]
 [0.59995092]
 [0.6246007 ]
 [0.62307833]
 [0.53564677]
 [0.64505823]
 [0.71039344]
 [0.62305551]
 [0.70278809]
 [0.59097369]
 [0.64294027]
 [0.64482614]
 [0.57005152]
 [0.62847302]
 [0.60779425]
 [0.70838128]
 [0.5848294 ]
 [0.60619857]
 [0.36775925]
 [0.53081893]
 [0.64702917]
 [0.73708635]
 [0.53304507]
 [0.60012122]
 [0.68534551]
 [0.62485563]
 [0.64021029]
 [0.64860218]
 [0.59578702]
 [0.67463298]
 [0.56940347]
 [0.67638142]
 [0.66864655]
 [0.62958041]
 [0.66393908]
 [0.58506798]
 [0.61416357]
 [0.68925843]
 [0.70292314]
 [0.64862689]
 [0.68557054]
 [0.56921774]
 [0.48989495]
 [0.41294526]
 [0.64624093]
 [0.4981839 ]
 [0.62466083]
 [0.68251402]
 [0.57166151]
 [0.5371095 ]]",52
unhealthy,0.2,0.22098569899283924,0.7692307692307693,"[[0.57855659]
 [0.52137795]
 [0.72651031]
 [0.56052578]
 [0.49709159]
 [0.51219398]
 [0.47417458]
 [0.5158373 ]
 [0.63814578]
 [0.61542038]
 [0.42120564]
 [0.54675568]
 [0.68036291]
 [0.65377265]
 [0.61626107]
 [0.72943364]
 [0.60906106]
 [0.51851137]
 [0.60629949]
 [0.557283  ]
 [0.66326978]
 [0.68060363]
 [0.59908951]
 [0.5588013 ]
 [0.67677114]
 [0.50283405]
 [0.5264315 ]
 [0.57430108]
 [0.52915374]
 [0.63982662]
 [0.57789209]
 [0.59100201]
 [0.55751901]
 [0.59717842]
 [0.65163   ]
 [0.66027615]
 [0.61652111]
 [0.49010891]
 [0.68042545]
 [0.59502676]
 [0.59123511]
 [0.64773108]
 [0.66436514]
 [0.55012726]
 [0.589896  ]
 [0.41583362]
 [0.45234448]
 [0.44341378]
 [0.7288289 ]
 [0.57655435]
 [0.28147011]
 [0.59742987]]",52
unhealthy,0.3,0.21198681060812125,0.7692307692307693,"[[0.61057214]
 [0.67233787]
 [0.45785255]
 [0.53506708]
 [0.6956223 ]
 [0.65033028]
 [0.58984771]
 [0.50845718]
 [0.56907162]
 [0.59086812]
 [0.56416272]
 [0.61006027]
 [0.53535753]
 [0.45772197]
 [0.69435224]
 [0.50845714]
 [0.47115611]
 [0.58983378]
 [0.56904622]
 [0.49104647]
 [0.58763887]
 [0.53022676]
 [0.56700059]
 [0.6722372 ]
 [0.55281905]
 [0.59084351]
 [0.54708525]
 [0.50934676]
 [0.50957765]
 [0.5323638 ]
 [0.58832362]
 [0.52806675]
 [0.52841376]
 [0.53000086]
 [0.56807962]
 [0.48600908]
 [0.62903211]
 [0.54798561]
 [0.5904579 ]
 [0.61003646]
 [0.46737707]
 [0.60070804]
 [0.62876733]
 [0.51136169]
 [0.608125  ]
 [0.48491377]
 [0.69436528]
 [0.50735467]
 [0.48733223]
 [0.45197674]
 [0.61004941]
 [0.58853944]]",52
unhealthy,0.4,0.20360763058144696,0.7692307692307693,"[[0.49904638]
 [0.54098579]
 [0.5611508 ]
 [0.56017038]
 [0.54005459]
 [0.56276666]
 [0.55925153]
 [0.48726895]
 [0.62557816]
 [0.47894013]
 [0.4762151 ]
 [0.4332105 ]
 [0.56207978]
 [0.5201921 ]
 [0.54093806]
 [0.6698863 ]
 [0.518165  ]
 [0.51824531]
 [0.51809712]
 [0.54078253]
 [0.47682159]
 [0.5145908 ]
 [0.58177656]
 [0.55967652]
 [0.53632738]
 [0.58006685]
 [0.58205609]
 [0.56186954]
 [0.56207734]
 [0.5389724 ]
 [0.62682212]
 [0.47831176]
 [0.60367003]
 [0.58095409]
 [0.55944908]
 [0.57967131]
 [0.60825495]
 [0.56159771]
 [0.55968728]
 [0.52021355]
 [0.62137303]
 [0.59995524]
 [0.52527109]
 [0.49906057]
 [0.47670119]
 [0.44169045]
 [0.55971389]
 [0.60343257]
 [0.53606188]
 [0.5821778 ]
 [0.53635377]
 [0.54076417]]",52
unhealthy,0.5,0.1912231048665952,0.7307692307692307,"[[0.44724943]
 [0.52992197]
 [0.55062777]
 [0.55072434]
 [0.44887851]
 [0.50011682]
 [0.59227652]
 [0.51299352]
 [0.49042147]
 [0.54252525]
 [0.50949097]
 [0.56022485]
 [0.4676258 ]
 [0.39913245]
 [0.53541939]
 [0.55455026]
 [0.55769421]
 [0.60440652]
 [0.4906265 ]
 [0.53226792]
 [0.4701595 ]
 [0.51091467]
 [0.46988826]
 [0.55064817]
 [0.5598189 ]
 [0.43879447]
 [0.56210482]
 [0.51070347]
 [0.55071935]
 [0.59218132]
 [0.48871276]
 [0.55570534]
 [0.44724942]
 [0.53308841]
 [0.42469885]
 [0.53519992]
 [0.53601695]
 [0.56620581]
 [0.44749886]
 [0.53519302]
 [0.44757948]
 [0.55043147]
 [0.61384776]
 [0.5943645 ]
 [0.53104329]
 [0.42230973]
 [0.53104035]
 [0.51323475]
 [0.53939472]
 [0.5944239 ]
 [0.59246022]
 [0.52141342]]",52
unhealthy,0.6,0.17850468341533343,0.6730769230769231,"[[0.41619254]
 [0.48337106]
 [0.48779672]
 [0.45775078]
 [0.53218066]
 [0.39308392]
 [0.43823851]
 [0.57014886]
 [0.48510105]
 [0.43651473]
 [0.48535142]
 [0.47831188]
 [0.54883252]
 [0.56028472]
 [0.4633003 ]
 [0.54027125]
 [0.52372782]
 [0.5069199 ]
 [0.50607403]
 [0.44464204]
 [0.50236384]
 [0.48308018]
 [0.52442805]
 [0.43821386]
 [0.39153201]
 [0.50084579]
 [0.4607919 ]
 [0.46534621]
 [0.5636035 ]
 [0.50462517]
 [0.48198479]
 [0.38212409]
 [0.50234188]
 [0.52442825]
 [0.41915104]
 [0.46055974]
 [0.4374715 ]
 [0.48507806]
 [0.52645557]
 [0.48042222]
 [0.59878859]
 [0.54884855]
 [0.50318402]
 [0.45802096]
 [0.58368082]
 [0.48535207]
 [0.48532419]
 [0.52265346]
 [0.36563342]
 [0.58464632]
 [0.52669858]
 [0.46022539]]",52
unhealthy,0.7,0.1725904110279935,0.6538461538461539,"[[0.4716574 ]
 [0.58448856]
 [0.5565306 ]
 [0.4650017 ]
 [0.47423809]
 [0.35885742]
 [0.5216169 ]
 [0.42428139]
 [0.47311794]
 [0.53027529]
 [0.4572532 ]
 [0.49633175]
 [0.47358546]
 [0.46531227]
 [0.30180937]
 [0.41868759]
 [0.46207156]
 [0.51331911]
 [0.56939252]
 [0.55534963]
 [0.41570617]
 [0.46352651]
 [0.45331551]
 [0.50886369]
 [0.47614251]
 [0.43259312]
 [0.45744788]
 [0.41747036]
 [0.41162693]
 [0.4653648 ]
 [0.51312578]
 [0.42742483]
 [0.46001663]
 [0.45354855]
 [0.54323058]
 [0.53410746]
 [0.42864129]
 [0.51378079]
 [0.33708597]
 [0.51360905]
 [0.48437891]
 [0.42424697]
 [0.45352397]
 [0.5194384 ]
 [0.46938406]
 [0.5184931 ]
 [0.43842319]
 [0.48931506]
 [0.53590828]
 [0.45144913]
 [0.43287523]
 [0.40579536]]",52
unhealthy,0.8,0.1661996793393457,0.5961538461538461,"[[0.46793875]
 [0.37516866]
 [0.50086021]
 [0.48186312]
 [0.40100626]
 [0.44171958]
 [0.422444  ]
 [0.39206147]
 [0.4527736 ]
 [0.46859068]
 [0.46501304]
 [0.4629679 ]
 [0.48121272]
 [0.32297091]
 [0.42661405]
 [0.42202868]
 [0.42278773]
 [0.48177498]
 [0.42416567]
 [0.51818083]
 [0.4993806 ]
 [0.44738891]
 [0.45517211]
 [0.40366126]
 [0.45261848]
 [0.47037129]
 [0.44747583]
 [0.48464047]
 [0.44741341]
 [0.37752839]
 [0.53147815]
 [0.34989279]
 [0.48687131]
 [0.40368929]
 [0.35191042]
 [0.48188107]
 [0.51841582]
 [0.52753124]
 [0.37546008]
 [0.44199861]
 [0.4011306 ]
 [0.48467424]
 [0.51868091]
 [0.30578321]
 [0.48356361]
 [0.38276155]
 [0.40034976]
 [0.52777934]
 [0.44608728]
 [0.47934571]
 [0.47083864]
 [0.46528667]]",52
unhealthy,0.9,0.16347768016587744,0.5,"[[0.4897727 ]
 [0.44312862]
 [0.26271707]
 [0.41742914]
 [0.42571464]
 [0.47989657]
 [0.44191427]
 [0.43438669]
 [0.29262976]
 [0.49193839]
 [0.32308763]
 [0.39316723]
 [0.45243585]
 [0.25939484]
 [0.4407086 ]
 [0.36861235]
 [0.4260062 ]
 [0.34712701]
 [0.50548584]
 [0.34734495]
 [0.4165626 ]
 [0.45721037]
 [0.48994939]
 [0.44161173]
 [0.44298435]
 [0.39990018]
 [0.43457309]
 [0.42588798]
 [0.50649865]
 [0.47489327]
 [0.41826764]
 [0.36610758]
 [0.41890206]
 [0.48937832]
 [0.39285466]
 [0.43478051]
 [0.38321816]
 [0.46024111]
 [0.36574658]
 [0.4670649 ]
 [0.4618614 ]
 [0.39288363]
 [0.46642924]
 [0.347102  ]
 [0.43191426]
 [0.39522078]
 [0.42933445]
 [0.36889626]
 [0.4553388 ]
 [0.35852708]
 [0.44440508]
 [0.43646187]]",52
unhealthy,1.0,0.16347768016587744,0.5,"[[0.3746469 ]
 [0.4276656 ]
 [0.40535457]
 [0.34501351]
 [0.26005634]
 [0.4021158 ]
 [0.32087654]
 [0.51292441]
 [0.38477914]
 [0.46379458]
 [0.40598293]
 [0.39051507]
 [0.46422739]
 [0.43049256]
 [0.38874696]
 [0.26765288]
 [0.29227033]
 [0.34531161]
 [0.39052993]
 [0.40762277]
 [0.4855793 ]
 [0.35470009]
 [0.42762387]
 [0.34501654]
 [0.36400651]
 [0.40182017]
 [0.38458037]
 [0.45166347]
 [0.39068626]
 [0.43962452]
 [0.36581486]
 [0.4387784 ]
 [0.39066971]
 [0.31399474]
 [0.22790365]
 [0.40203581]
 [0.46923734]
 [0.38818682]
 [0.42458591]
 [0.36583758]
 [0.44814072]
 [0.36358346]
 [0.42293921]
 [0.39041046]
 [0.4076447 ]
 [0.42840048]
 [0.51552864]
 [0.40090698]
 [0.3450132 ]
 [0.42755653]
 [0.37372736]
 [0.51262588]]",52
