env,learning_rate,bias,mean_ht,std_ht
healthy,0.0,0.0,0.5018003271873523,0.15690951531028574
healthy,0.0,0.1,0.4963238746451426,0.13684818844927288
healthy,0.0,0.2,0.49590116231846737,0.14840989134190022
healthy,0.0,0.3,0.5090387878531359,0.15548326180099373
healthy,0.0,0.4,0.5060656611762746,0.1462093040998363
healthy,0.0,0.5,0.507504177195334,0.15538567214776167
healthy,0.0,0.6,0.4983693219271526,0.15138975038391309
healthy,0.0,0.7,0.5005129334318796,0.14435144609020303
healthy,0.0,0.8,0.49666165059441364,0.15702797315260372
healthy,0.0,0.9,0.4992341322467623,0.14505442697136184
healthy,0.0,1.0,0.5023154718318845,0.15092389152434565
healthy,0.1,0.0,0.36066574421136166,0.05362979548918665
healthy,0.1,0.1,0.3842413597259985,0.05514194597096727
healthy,0.1,0.2,0.4092816328437392,0.052587935898033844
healthy,0.1,0.3,0.43265202993430063,0.05290594626799428
healthy,0.1,0.4,0.4565013810381417,0.05522859091896374
healthy,0.1,0.5,0.4827931448225618,0.05506493662128962
healthy,0.1,0.6,0.507677935857544,0.05514328460741568
healthy,0.1,0.7,0.531443938768101,0.055000618363268604
healthy,0.1,0.8,0.5553368031179255,0.056306817293447546
healthy,0.1,0.9,0.5784703960493275,0.05712681141153895
healthy,0.1,1.0,0.6041774935673181,0.062217854879225244
healthy,0.2,0.0,0.3411918930962721,0.0518760960550932
healthy,0.2,0.1,0.3683177882866687,0.05049142106310099
healthy,0.2,0.2,0.3959345019511574,0.04903177647927989
healthy,0.2,0.3,0.42324189984677524,0.05100939066400227
healthy,0.2,0.4,0.45130111726385674,0.05643086441578784
healthy,0.2,0.5,0.47885948096692693,0.054387034690793416
healthy,0.2,0.6,0.5060260856662375,0.05464543437668232
healthy,0.2,0.7,0.5346516906260799,0.05878918310537685
healthy,0.2,0.8,0.5615343654399565,0.0565667139837135
healthy,0.2,0.9,0.5895320383642533,0.06051426430469747
healthy,0.2,1.0,0.6160947143370147,0.05927908927201765
healthy,0.3,0.0,0.3375987588656561,0.049131665722477756
healthy,0.3,0.1,0.3670117238564429,0.05144211173766902
healthy,0.3,0.2,0.3945265645470997,0.0494181273842535
healthy,0.3,0.3,0.42248889583195337,0.04869930291100991
healthy,0.3,0.4,0.4504731293742788,0.054897280915192484
healthy,0.3,0.5,0.47846906275050005,0.052882412958166376
healthy,0.3,0.6,0.5065537237484693,0.05205469561409299
healthy,0.3,0.7,0.5342902660760016,0.057042401047504944
healthy,0.3,0.8,0.5617957736196838,0.05357013836936304
healthy,0.3,0.9,0.5913175951572378,0.059625183444852965
healthy,0.3,1.0,0.6193461422745752,0.05978531096249237
healthy,0.4,0.0,0.33817422227372196,0.04907952087163245
healthy,0.4,0.1,0.36645715125000106,0.04854106930889846
healthy,0.4,0.2,0.39390271995204906,0.049464838259324545
healthy,0.4,0.3,0.42228470768746745,0.05160571474883067
healthy,0.4,0.4,0.450206266627718,0.052959787733145934
healthy,0.4,0.5,0.4783699014267979,0.05063605238904793
healthy,0.4,0.6,0.5068397927813116,0.05410609852629824
healthy,0.4,0.7,0.53410772631462,0.051704320267314634
healthy,0.4,0.8,0.5630330964308893,0.05373195456023221
healthy,0.4,0.9,0.5905327065384522,0.05695279528986482
healthy,0.4,1.0,0.6183283546502273,0.05503227220087669
healthy,0.5,0.0,0.3371527382836634,0.04628713674831609
healthy,0.5,0.1,0.3653448339113868,0.04870671219129423
healthy,0.5,0.2,0.3938804049072245,0.05261823263289837
healthy,0.5,0.3,0.4221395859337314,0.05208643352790737
healthy,0.5,0.4,0.45018251133005077,0.0517470930491784
healthy,0.5,0.5,0.4785470984941304,0.05196817324170816
healthy,0.5,0.6,0.5066588940827356,0.05250880728738195
healthy,0.5,0.7,0.5346944098533358,0.054857917862068506
healthy,0.5,0.8,0.5636545065356522,0.05418888711564771
healthy,0.5,0.9,0.5917530364826992,0.058318658133917164
healthy,0.5,1.0,0.61881103429837,0.06055816447790751
healthy,0.6,0.0,0.3369793260813696,0.048305994526354076
healthy,0.6,0.1,0.3664516355994407,0.04954890363190459
healthy,0.6,0.2,0.3937257355812834,0.04857143604496858
healthy,0.6,0.3,0.4219128066745011,0.05178052347780019
healthy,0.6,0.4,0.4500095345520259,0.050433152542903883
healthy,0.6,0.5,0.4784353404703476,0.0515827158347915
healthy,0.6,0.6,0.5066499311788887,0.05470634142261546
healthy,0.6,0.7,0.5348748209284095,0.051580029750861955
healthy,0.6,0.8,0.5627026447166186,0.05879680063691056
healthy,0.6,0.9,0.5904459954463276,0.05615963699573032
healthy,0.6,1.0,0.6185293066583807,0.05738479940865985
healthy,0.7,0.0,0.33739155367656476,0.048141693834549304
healthy,0.7,0.1,0.3667195952946667,0.04888292466075355
healthy,0.7,0.2,0.39358578707502767,0.04965129703456731
healthy,0.7,0.3,0.42201759574244385,0.049100411672223926
healthy,0.7,0.4,0.45005135042933736,0.04957796077084342
healthy,0.7,0.5,0.47826193796912064,0.05079594548637167
healthy,0.7,0.6,0.506446491960276,0.05460290788490795
healthy,0.7,0.7,0.5350285613317028,0.051924375332092355
healthy,0.7,0.8,0.5629488066480325,0.05600565962058804
healthy,0.7,0.9,0.5913734418539778,0.0546685834363924
healthy,0.7,1.0,0.6196151192074201,0.05691462813091887
healthy,0.8,0.0,0.3380186152030269,0.048459111452012815
healthy,0.8,0.1,0.36561692001435625,0.04976702645376455
healthy,0.8,0.2,0.3935601531507297,0.04898143088166873
healthy,0.8,0.3,0.42190801669642597,0.047976080457697676
healthy,0.8,0.4,0.4501624618081946,0.05164106402925471
healthy,0.8,0.5,0.4782231485286672,0.045744969936536116
healthy,0.8,0.6,0.5071090995233598,0.054494935880212515
healthy,0.8,0.7,0.5354661101846382,0.05475534191395549
healthy,0.8,0.8,0.562610674101816,0.05269977672172992
healthy,0.8,0.9,0.5925682996666713,0.056025506874261964
healthy,0.8,1.0,0.6192737756194884,0.057461267196899375
healthy,0.9,0.0,0.3364921838579266,0.05046110041683465
healthy,0.9,0.1,0.3655375146741396,0.04908953440729432
healthy,0.9,0.2,0.39390201922666623,0.04847616920937694
healthy,0.9,0.3,0.42168588235324916,0.050222316796282016
healthy,0.9,0.4,0.45022462604466157,0.05015466516532054
healthy,0.9,0.5,0.4783026666538208,0.04965310214517977
healthy,0.9,0.6,0.5066243804656376,0.053190027854473146
healthy,0.9,0.7,0.5352695778787896,0.053852377855975256
healthy,0.9,0.8,0.5632537278438784,0.05586612191298904
healthy,0.9,0.9,0.5911349971805105,0.057802376576118426
healthy,0.9,1.0,0.6211540688040108,0.05809502457368663
healthy,1.0,0.0,0.3358912364291353,0.04877321640774379
healthy,1.0,0.1,0.36574921869393323,0.047556462382544025
healthy,1.0,0.2,0.3938882668441446,0.04827971085259395
healthy,1.0,0.3,0.4220341293233162,0.048722507001290535
healthy,1.0,0.4,0.4504262845809157,0.053130234189334144
healthy,1.0,0.5,0.4784128867428986,0.04946935623237535
healthy,1.0,0.6,0.5066857831716601,0.05061737955082849
healthy,1.0,0.7,0.5348805932200547,0.05040998347015579
healthy,1.0,0.8,0.5624686475230802,0.05442562622862188
healthy,1.0,0.9,0.5910754235203348,0.05605776329199263
healthy,1.0,1.0,0.6204376908535699,0.0586330652432576
unhealthy,0.0,0.0,0.4966727520466599,0.14489214716498683
unhealthy,0.0,0.1,0.49723121375137963,0.15678857882878938
unhealthy,0.0,0.2,0.5044809271494729,0.15392504029380719
unhealthy,0.0,0.3,0.5041843126836303,0.15674661001087525
unhealthy,0.0,0.4,0.5073145824215728,0.151608550554265
unhealthy,0.0,0.5,0.5027664646014712,0.15103555685746342
unhealthy,0.0,0.6,0.502420739385442,0.14469966099573622
unhealthy,0.0,0.7,0.5000256114750949,0.14758218513952054
unhealthy,0.0,0.8,0.4946339758594482,0.16051743602011984
unhealthy,0.0,0.9,0.4953579771485872,0.15282287891559862
unhealthy,0.0,1.0,0.5017645884824785,0.14811496317418532
unhealthy,0.1,0.0,0.6399188505369936,0.05062907420695517
unhealthy,0.1,0.1,0.6156286299846597,0.051149194760584576
unhealthy,0.1,0.2,0.5920010034363167,0.0504364966655968
unhealthy,0.1,0.3,0.5685765419724318,0.05375636667894196
unhealthy,0.1,0.4,0.5424542675332311,0.054821517094656075
unhealthy,0.1,0.5,0.5180074235322787,0.05775131408978288
unhealthy,0.1,0.6,0.4931169237100215,0.058622108991180415
unhealthy,0.1,0.7,0.47074367592137767,0.059860546546387464
unhealthy,0.1,0.8,0.4451612564465252,0.05826622267387334
unhealthy,0.1,0.9,0.4203720784057037,0.06264741189235445
unhealthy,0.1,1.0,0.3981976323430438,0.06185889302942089
unhealthy,0.2,0.0,0.6586885736997878,0.05162328734050961
unhealthy,0.2,0.1,0.6311976842638504,0.0503212205517265
unhealthy,0.2,0.2,0.6035683250422735,0.04976513828447177
unhealthy,0.2,0.3,0.5766238924113416,0.04972148873913879
unhealthy,0.2,0.4,0.5488533121349487,0.053888625718315104
unhealthy,0.2,0.5,0.5214315969633672,0.052630248391081394
unhealthy,0.2,0.6,0.49390248469302467,0.05380241751175983
unhealthy,0.2,0.7,0.4655581386539883,0.05260913311588616
unhealthy,0.2,0.8,0.4379759791336825,0.059003459454797694
unhealthy,0.2,0.9,0.41122597085391255,0.057332040464990755
unhealthy,0.2,1.0,0.3820648783630291,0.060783124409591285
unhealthy,0.3,0.0,0.6622132064239067,0.05081896149840673
unhealthy,0.3,0.1,0.6333818982491416,0.05146032642514856
unhealthy,0.3,0.2,0.6058718394786125,0.05202832861110057
unhealthy,0.3,0.3,0.5775510937928546,0.05193971774640131
unhealthy,0.3,0.4,0.5497074124502184,0.05286830568331658
unhealthy,0.3,0.5,0.5214328225943656,0.05459433511854698
unhealthy,0.3,0.6,0.4931398042371356,0.05687765960677575
unhealthy,0.3,0.7,0.4653406490885962,0.05153302128798303
unhealthy,0.3,0.8,0.4372075396711079,0.052701597808146136
unhealthy,0.3,0.9,0.4088071709671342,0.056704149011661646
unhealthy,0.3,1.0,0.38195665512895927,0.05918201260490733
unhealthy,0.4,0.0,0.66247371487564,0.051617290400763266
unhealthy,0.4,0.1,0.6338025815300484,0.04930235615052477
unhealthy,0.4,0.2,0.6059842283957589,0.049043850842651865
unhealthy,0.4,0.3,0.5777028304025938,0.050492125966633356
unhealthy,0.4,0.4,0.5498378181402346,0.04986615969453831
unhealthy,0.4,0.5,0.5215669848625928,0.05355859628628179
unhealthy,0.4,0.6,0.4933350170924738,0.05463924146196378
unhealthy,0.4,0.7,0.46555081919483093,0.05217600522004202
unhealthy,0.4,0.8,0.43767555952779263,0.05366502101712513
unhealthy,0.4,0.9,0.40943334804185305,0.05638019719202629
unhealthy,0.4,1.0,0.37994433215604995,0.05960916429772908
unhealthy,0.5,0.0,0.6621249487937362,0.04671460646687886
unhealthy,0.5,0.1,0.6344819301906055,0.04968338085051723
unhealthy,0.5,0.2,0.6063137507693409,0.05296790225122875
unhealthy,0.5,0.3,0.5775983410304821,0.05092984682634347
unhealthy,0.5,0.4,0.549786998800493,0.04906180693446719
unhealthy,0.5,0.5,0.5215708494720505,0.05112758777155354
unhealthy,0.5,0.6,0.4934823912480031,0.048427863104347164
unhealthy,0.5,0.7,0.4653304138723439,0.05370440913512492
unhealthy,0.5,0.8,0.4368540194804476,0.05647094067667778
unhealthy,0.5,0.9,0.4099767411840913,0.05781093674083156
unhealthy,0.5,1.0,0.37969492696900264,0.05776512117492395
unhealthy,0.6,0.0,0.663002540026002,0.048097526547998704
unhealthy,0.6,0.1,0.6343759259760262,0.04945131470097748
unhealthy,0.6,0.2,0.6062107292700362,0.04910859295523304
unhealthy,0.6,0.3,0.5782960432071825,0.050188424791016165
unhealthy,0.6,0.4,0.5497634869279685,0.05007277409676098
unhealthy,0.6,0.5,0.5217976631606362,0.049297682356170124
unhealthy,0.6,0.6,0.49356611658465244,0.053775591930450166
unhealthy,0.6,0.7,0.4649914562704465,0.054511859835652425
unhealthy,0.6,0.8,0.4370094615870872,0.05519941882346623
unhealthy,0.6,0.9,0.40914914721669177,0.0576178582031997
unhealthy,0.6,1.0,0.3801670327327936,0.05683596246713445
unhealthy,0.7,0.0,0.6618595006492641,0.04938796443639796
unhealthy,0.7,0.1,0.6338180224281016,0.0490321060414775
unhealthy,0.7,0.2,0.6061476604109131,0.05053627937221914
unhealthy,0.7,0.3,0.5781414305056573,0.05304929651882747
unhealthy,0.7,0.4,0.5499493875982822,0.05250475420091699
unhealthy,0.7,0.5,0.5216083423874472,0.05118260621871979
unhealthy,0.7,0.6,0.4933618716284103,0.05112604931709324
unhealthy,0.7,0.7,0.46459324309997607,0.05378585380315056
unhealthy,0.7,0.8,0.43685892691300876,0.0503833518686807
unhealthy,0.7,0.9,0.4085465542251674,0.055862033889007824
unhealthy,0.7,1.0,0.38094221911137144,0.06104672576843368
unhealthy,0.8,0.0,0.6624373473110773,0.05058142473312376
unhealthy,0.8,0.1,0.6329969094080122,0.04644986975022645
unhealthy,0.8,0.2,0.6065115238413148,0.04807269317475926
unhealthy,0.8,0.3,0.5780424686872465,0.04849859463783201
unhealthy,0.8,0.4,0.5498315506848719,0.05178650968478955
unhealthy,0.8,0.5,0.5216415008771667,0.052807164488110805
unhealthy,0.8,0.6,0.4936363385231116,0.04991593816147807
unhealthy,0.8,0.7,0.4656253807047932,0.051956465145084965
unhealthy,0.8,0.8,0.4363228450265295,0.05640804661022616
unhealthy,0.8,0.9,0.4081878818662249,0.0562307866341944
unhealthy,0.8,1.0,0.37976428573813054,0.0575158223693662
unhealthy,0.9,0.0,0.6625621699727496,0.048107276698511434
unhealthy,0.9,0.1,0.6341411764061116,0.046349407671798556
unhealthy,0.9,0.2,0.6060086405176621,0.05186865307105255
unhealthy,0.9,0.3,0.5780890933887999,0.05099600104995805
unhealthy,0.9,0.4,0.5498241377377601,0.05027602734523382
unhealthy,0.9,0.5,0.5215204846030355,0.05225681164980606
unhealthy,0.9,0.6,0.4932210611684201,0.053055618307431815
unhealthy,0.9,0.7,0.46487465359367725,0.05109192526241252
unhealthy,0.9,0.8,0.43674272930709807,0.053271210515683246
unhealthy,0.9,0.9,0.40849426720918,0.05193482660544786
unhealthy,0.9,1.0,0.380433170627772,0.05391068690164317
unhealthy,1.0,0.0,0.6623461632538429,0.045473730834284326
unhealthy,1.0,0.1,0.6345099365744512,0.047678887468935574
unhealthy,1.0,0.2,0.6059780273349258,0.0473236729290391
unhealthy,1.0,0.3,0.578066180106287,0.04873520013373541
unhealthy,1.0,0.4,0.5498390199625737,0.04984649160842056
unhealthy,1.0,0.5,0.5218288442098884,0.05125648938903874
unhealthy,1.0,0.6,0.4934351780402831,0.050991736335092096
unhealthy,1.0,0.7,0.4649772753198601,0.05620418557324901
unhealthy,1.0,0.8,0.4366410000203186,0.05480954410893879
unhealthy,1.0,0.9,0.40978927309755675,0.05523539064040785
unhealthy,1.0,1.0,0.3813945034171878,0.05382313497426431
balanced,0.0,0.0,0.5042511329853441,0.15034876894829008
balanced,0.0,0.1,0.5123661110944104,0.14997074069338512
balanced,0.0,0.2,0.5119848952632721,0.15683035427588843
balanced,0.0,0.3,0.4951932162674139,0.16041114361247652
balanced,0.0,0.4,0.49055438924665806,0.15324963301927458
balanced,0.0,0.5,0.4948640368653395,0.15029406252798075
balanced,0.0,0.6,0.5070275727652518,0.14910047218878855
balanced,0.0,0.7,0.5087777459534333,0.15462685138024793
balanced,0.0,0.8,0.500318379637314,0.14179944587128515
balanced,0.0,0.9,0.49746316441682353,0.1474986320657493
balanced,0.0,1.0,0.4901084145474909,0.14768194507053142
balanced,0.1,0.0,0.5036660379956347,0.10363612683272438
balanced,0.1,0.1,0.5000600162287642,0.10002321867470161
balanced,0.1,0.2,0.5004817213984954,0.09037375567619564
balanced,0.1,0.3,0.5004706095274624,0.07979609100428672
balanced,0.1,0.4,0.5012766981061766,0.0678476436734067
balanced,0.1,0.5,0.5002221904712677,0.06056928917223266
balanced,0.1,0.6,0.5003333797155141,0.049193255930492535
balanced,0.1,0.7,0.5002569809602774,0.04245185921766212
balanced,0.1,0.8,0.4999290787890577,0.03617229636656948
balanced,0.1,0.9,0.49967221421840735,0.030033195914138357
balanced,0.1,1.0,0.5007283031744597,0.02919387499442517
balanced,0.2,0.0,0.5013988851317394,0.1099241826927454
balanced,0.2,0.1,0.5001825754934721,0.1011308439415524
balanced,0.2,0.2,0.5001323454147776,0.09071729950634945
balanced,0.2,0.3,0.49919486812618286,0.07886316683451422
balanced,0.2,0.4,0.5003373030290026,0.06936972557442501
balanced,0.2,0.5,0.5001903974542701,0.05859983154136723
balanced,0.2,0.6,0.499808367102827,0.04745492390444622
balanced,0.2,0.7,0.4998336710470339,0.036065031668419095
balanced,0.2,0.8,0.5001613893303791,0.030143029803989394
balanced,0.2,0.9,0.5000931165264212,0.023642629877068794
balanced,0.2,1.0,0.49859171395882745,0.024336766146776177
balanced,0.3,0.0,0.498410751485707,0.10961042360314177
balanced,0.3,0.1,0.4984698524487916,0.1038331681939363
balanced,0.3,0.2,0.4997922730592067,0.08598877340015516
balanced,0.3,0.3,0.4997999011868106,0.07645110645677552
balanced,0.3,0.4,0.49989708844061265,0.07286581141596578
balanced,0.3,0.5,0.49988649211755715,0.054423631940646804
balanced,0.3,0.6,0.49976687846303086,0.045636513882554124
balanced,0.3,0.7,0.5002356194528347,0.036182426180900625
balanced,0.3,0.8,0.5011728366309709,0.027828845164364357
balanced,0.3,0.9,0.5000909028707861,0.022746878075680266
balanced,0.3,1.0,0.4995335133929274,0.02212512912380499
balanced,0.4,0.0,0.5009261313375215,0.10950826996620029
balanced,0.4,0.1,0.4993379792023287,0.09421694338872079
balanced,0.4,0.2,0.5007220274697212,0.08595391368009281
balanced,0.4,0.3,0.4991127981226267,0.08007370751276066
balanced,0.4,0.4,0.49982498050166163,0.06682030851586412
balanced,0.4,0.5,0.5001322940404087,0.053012539712747324
balanced,0.4,0.6,0.49979690222574963,0.04458551547021793
balanced,0.4,0.7,0.5001204609350482,0.03607496794725779
balanced,0.4,0.8,0.5001859613755957,0.027639944887326167
balanced,0.4,0.9,0.5001129541878547,0.022983404869852314
balanced,0.4,1.0,0.4987748456377878,0.021362502153103077
balanced,0.5,0.0,0.5004425868076068,0.10826534947163434
balanced,0.5,0.1,0.5010518302152487,0.09687278741570987
balanced,0.5,0.2,0.4997841605693548,0.08836822807015739
balanced,0.5,0.3,0.5002901738321361,0.07448467559852268
balanced,0.5,0.4,0.49990133075786986,0.06793843228134429
balanced,0.5,0.5,0.4999201602246126,0.053635795807895875
balanced,0.5,0.6,0.5000168546910823,0.04349711149964117
balanced,0.5,0.7,0.5004875371453434,0.03613533161407424
balanced,0.5,0.8,0.5002192008836575,0.028133233219880437
balanced,0.5,0.9,0.5003822860321616,0.021739223257025434
balanced,0.5,1.0,0.49890647796597193,0.023193906019360562
balanced,0.6,0.0,0.5016734684025372,0.10993366977664883
balanced,0.6,0.1,0.4995999321136684,0.09838465514859061
balanced,0.6,0.2,0.49982268801169893,0.08406278034469047
balanced,0.6,0.3,0.4992570346455501,0.07289761083477639
balanced,0.6,0.4,0.4997574005556018,0.06339410057955626
balanced,0.6,0.5,0.5000626087813206,0.05681992219180326
balanced,0.6,0.6,0.5002432657080664,0.04624134001509136
balanced,0.6,0.7,0.5005371323309863,0.03561840317196768
balanced,0.6,0.8,0.4997489641327178,0.028458801030974167
balanced,0.6,0.9,0.49869980274191794,0.022559436171615606
balanced,0.6,1.0,0.4995163926019857,0.02156845345299808
balanced,0.7,0.0,0.5004450737273681,0.10675976140483687
balanced,0.7,0.1,0.5005001755658718,0.09715268125649971
balanced,0.7,0.2,0.4993562480367385,0.09054826369165143
balanced,0.7,0.3,0.5007363987518617,0.07610907362204838
balanced,0.7,0.4,0.4998871316090891,0.06443610693092577
balanced,0.7,0.5,0.4999328980530648,0.05295422268101213
balanced,0.7,0.6,0.49986536057880576,0.04434181535785033
balanced,0.7,0.7,0.5006014033733147,0.037714297425350214
balanced,0.7,0.8,0.4997851902921982,0.02710503622802554
balanced,0.7,0.9,0.4998832084034501,0.02309979829076174
balanced,0.7,1.0,0.5000248995703435,0.02034172190595902
balanced,0.8,0.0,0.5007644291354594,0.10912489970694172
balanced,0.8,0.1,0.49849805874440584,0.09515487177770093
balanced,0.8,0.2,0.4990643955394285,0.08637081142408856
balanced,0.8,0.3,0.5001349311408027,0.0718085688564042
balanced,0.8,0.4,0.5001543753995067,0.06837171906551294
balanced,0.8,0.5,0.49985345130733716,0.05245579578550164
balanced,0.8,0.6,0.49991423978580063,0.04284825548575101
balanced,0.8,0.7,0.4996678540004288,0.036043384509735155
balanced,0.8,0.8,0.49999937805782113,0.028882715873725227
balanced,0.8,0.9,0.5009181828728745,0.024455083873445877
balanced,0.8,1.0,0.4987478604451829,0.02203010380453658
balanced,0.9,0.0,0.49960791396196963,0.10563678377079318
balanced,0.9,0.1,0.5000015979018109,0.0900415197171415
balanced,0.9,0.2,0.4988413044605718,0.08610245154209065
balanced,0.9,0.3,0.49974616643255604,0.07882306370714694
balanced,0.9,0.4,0.49981174899880954,0.06576219854204696
balanced,0.9,0.5,0.4999765575419293,0.055215159415602504
balanced,0.9,0.6,0.4998892219935267,0.04490027154193252
balanced,0.9,0.7,0.5001673862947593,0.03470955786101965
balanced,0.9,0.8,0.5001244121982256,0.026842916550014518
balanced,0.9,0.9,0.5002642643477219,0.021478225018668886
balanced,0.9,1.0,0.5009735293739883,0.022425463523290775
balanced,1.0,0.0,0.5009829318211748,0.11213428018606042
balanced,1.0,0.1,0.4995376272615031,0.09390419041828352
balanced,1.0,0.2,0.49937949797325065,0.08763983496176128
balanced,1.0,0.3,0.49970504746702277,0.07060295691522944
balanced,1.0,0.4,0.5003833142805495,0.06515827000989095
balanced,1.0,0.5,0.4999804734283619,0.05277586271520076
balanced,1.0,0.6,0.5000838655116566,0.03924294298162878
balanced,1.0,0.7,0.49939894624653874,0.035178508020737916
balanced,1.0,0.8,0.5008533235838221,0.027099438051668187
balanced,1.0,0.9,0.5006354590581674,0.021151086080743595
balanced,1.0,1.0,0.5000727061218555,0.01920818133287477
